_id,title,slug,pageUrl,postedAt,baseScore,voteCount,commentCount,meta,question,url,user.username,user.slug,user.displayName,user,scraped_content
htDnKvr5cGx7mnSwZ,9 Strategies for Effective Donors ,9-strategies-for-effective-donors,https://www.lesswrong.com/posts/htDnKvr5cGx7mnSwZ/9-strategies-for-effective-donors,2016-02-29T18:33:32.636Z,-5,10,8,False,False,,Gleb_Tsipursky,gleb_tsipursky,Gleb_Tsipursky,,Error: 403 Client Error: Forbidden for url: https://www.lesswrong.com/posts/htDnKvr5cGx7mnSwZ/9-strategies-for-effective-donors
WD2wfXBscX782T8en,"Open Thread Feb 29 - March 6, 2016",open-thread-feb-29-march-6-2016,https://www.lesswrong.com/posts/WD2wfXBscX782T8en/open-thread-feb-29-march-6-2016,2016-02-28T22:11:18.454Z,9,5,289,False,False,,Elo,elo,Elo,,Error: 403 Client Error: Forbidden for url: https://www.lesswrong.com/posts/WD2wfXBscX782T8en/open-thread-feb-29-march-6-2016
CrCBnMjSfazQNwt3Y,"Meetup : Ann Arbor Meetup - Saturday, March 5, 7 PM, Amer's",meetup-ann-arbor-meetup-saturday-march-5-7-pm-amer-s,https://www.lesswrong.com/posts/CrCBnMjSfazQNwt3Y/meetup-ann-arbor-meetup-saturday-march-5-7-pm-amer-s,2016-02-28T22:01:29.861Z,1,1,1,False,False,,Bound_up,bound_up,Bound_up,,Error: 403 Client Error: Forbidden for url: https://www.lesswrong.com/posts/CrCBnMjSfazQNwt3Y/meetup-ann-arbor-meetup-saturday-march-5-7-pm-amer-s
kidpjsxCwfsgH4hQK,Conclusion of the Replacing Guilt series,conclusion-of-the-replacing-guilt-series,https://www.lesswrong.com/posts/kidpjsxCwfsgH4hQK/conclusion-of-the-replacing-guilt-series,2016-02-28T03:00:00.000Z,17,9,0,False,False,https://mindingourway.com/guilt-conclusion/,So8res,so8res,So8res,,Error: 403 Client Error: Forbidden for url: https://www.lesswrong.com/posts/kidpjsxCwfsgH4hQK/conclusion-of-the-replacing-guilt-series
nBB4gNm8fhR2Yh34T,Goal setting journal (March 2016),goal-setting-journal-march-2016,https://www.lesswrong.com/posts/nBB4gNm8fhR2Yh34T/goal-setting-journal-march-2016,2016-02-27T09:39:37.638Z,6,4,12,False,False,,,,,,Error: 403 Client Error: Forbidden for url: https://www.lesswrong.com/posts/nBB4gNm8fhR2Yh34T/goal-setting-journal-march-2016
rvFzgeracFc7PRxf4,Go see Ex Machina,go-see-ex-machina,https://www.lesswrong.com/posts/rvFzgeracFc7PRxf4/go-see-ex-machina,2016-02-26T21:44:29.096Z,-3,8,4,False,False,,lisper,lisper,lisper,,Error: 403 Client Error: Forbidden for url: https://www.lesswrong.com/posts/rvFzgeracFc7PRxf4/go-see-ex-machina
pbAQQZnD2dGhsDckE,Weekly LW Meetups,weekly-lw-meetups-130,https://www.lesswrong.com/posts/pbAQQZnD2dGhsDckE/weekly-lw-meetups-130,2016-02-26T16:38:39.208Z,1,1,0,False,False,,,,,,Error: 403 Client Error: Forbidden for url: https://www.lesswrong.com/posts/pbAQQZnD2dGhsDckE/weekly-lw-meetups-130
xsoS2bzZXfC8tKFoM,"If there IS alien super-inteligence in our own galaxy, then what it could be like?",if-there-is-alien-super-inteligence-in-our-own-galaxy-then,https://www.lesswrong.com/posts/xsoS2bzZXfC8tKFoM/if-there-is-alien-super-inteligence-in-our-own-galaxy-then,2016-02-26T11:55:46.779Z,8,9,59,False,False,,Coacher,coacher,Coacher,,Error: 403 Client Error: Forbidden for url: https://www.lesswrong.com/posts/xsoS2bzZXfC8tKFoM/if-there-is-alien-super-inteligence-in-our-own-galaxy-then
cSnayX3PJAMhfz28R,Is altruistic deception really necessary? Social activism and the free market,is-altruistic-deception-really-necessary-social-activism-and,https://www.lesswrong.com/posts/cSnayX3PJAMhfz28R/is-altruistic-deception-really-necessary-social-activism-and,2016-02-26T06:38:16.032Z,9,11,96,False,False,,PhilGoetz,philgoetz,PhilGoetz,,Error: 403 Client Error: Forbidden for url: https://www.lesswrong.com/posts/cSnayX3PJAMhfz28R/is-altruistic-deception-really-necessary-social-activism-and
vfKtZYXpxNkje7JKF,The Philosophical Implications of Quantum Information Theory,the-philosophical-implications-of-quantum-information-theory,https://www.lesswrong.com/posts/vfKtZYXpxNkje7JKF/the-philosophical-implications-of-quantum-information-theory,2016-02-26T02:00:27.888Z,9,16,55,False,False,,lisper,lisper,lisper,,Error: 403 Client Error: Forbidden for url: https://www.lesswrong.com/posts/vfKtZYXpxNkje7JKF/the-philosophical-implications-of-quantum-information-theory
htCBHjWNvzScEhFoA,Toy model: convergent instrumental goals,toy-model-convergent-instrumental-goals,https://www.lesswrong.com/posts/htCBHjWNvzScEhFoA/toy-model-convergent-instrumental-goals,2016-02-25T14:03:54.016Z,16,10,2,False,False,,Stuart_Armstrong,stuart_armstrong,Stuart_Armstrong,,Error: 403 Client Error: Forbidden for url: https://www.lesswrong.com/posts/htCBHjWNvzScEhFoA/toy-model-convergent-instrumental-goals
Cd6uMn4qHXZcoe2Lh,Discussion: weighting inside view versus outside view on extinction events,discussion-weighting-inside-view-versus-outside-view-on,https://www.lesswrong.com/posts/Cd6uMn4qHXZcoe2Lh/discussion-weighting-inside-view-versus-outside-view-on,2016-02-25T05:18:15.378Z,5,4,4,False,False,,Ilverin,ilverin-the-stupid-and-offensive,Ilverin the Stupid and Offensive,,Error: 403 Client Error: Forbidden for url: https://www.lesswrong.com/posts/Cd6uMn4qHXZcoe2Lh/discussion-weighting-inside-view-versus-outside-view-on
6cyo2qQRAhYMaTsfw,Meetup : San Francisco Meetup: Fun and Games,meetup-san-francisco-meetup-fun-and-games-3,https://www.lesswrong.com/posts/6cyo2qQRAhYMaTsfw/meetup-san-francisco-meetup-fun-and-games-3,2016-02-25T02:28:34.123Z,1,1,0,False,False,,rocurley,rocurley,rocurley,,Error: 403 Client Error: Forbidden for url: https://www.lesswrong.com/posts/6cyo2qQRAhYMaTsfw/meetup-san-francisco-meetup-fun-and-games-3
aJSJmx2f2SGwtiJsH,Rationality Reading Group: Part U: Fake Preferences,rationality-reading-group-part-u-fake-preferences,https://www.lesswrong.com/posts/aJSJmx2f2SGwtiJsH/rationality-reading-group-part-u-fake-preferences,2016-02-24T23:29:06.972Z,8,5,5,False,False,,Gram_Stone,gram_stone,Gram_Stone,,Error: 403 Client Error: Forbidden for url: https://www.lesswrong.com/posts/aJSJmx2f2SGwtiJsH/rationality-reading-group-part-u-fake-preferences
5bd75cc58225bf06703750e9,Failures of throttling logical information,failures-of-throttling-logical-information,https://www.lesswrong.com/posts/5bd75cc58225bf06703750e9/failures-of-throttling-logical-information,2016-02-24T22:05:51.000Z,2,2,0,False,False,,TsviBT,tsvibt,TsviBT,,Error: 403 Client Error: Forbidden for url: https://www.lesswrong.com/posts/5bd75cc58225bf06703750e9/failures-of-throttling-logical-information
5bd75cc58225bf06703750e8,Speculations on information under logical uncertainty,speculations-on-information-under-logical-uncertainty,https://www.lesswrong.com/posts/5bd75cc58225bf06703750e8/speculations-on-information-under-logical-uncertainty,2016-02-24T21:58:57.000Z,1,1,0,False,False,,TsviBT,tsvibt,TsviBT,,Error: 403 Client Error: Forbidden for url: https://www.lesswrong.com/posts/5bd75cc58225bf06703750e8/speculations-on-information-under-logical-uncertainty
oRmAgBTCcqveCWgBh,Meetup : Seattle Rationality Reading Group,meetup-seattle-rationality-reading-group,https://www.lesswrong.com/posts/oRmAgBTCcqveCWgBh/meetup-seattle-rationality-reading-group,2016-02-24T21:12:38.395Z,1,1,1,False,False,,CBHacking,seekingeternity,SeekingEternity,,Error: 403 Client Error: Forbidden for url: https://www.lesswrong.com/posts/oRmAgBTCcqveCWgBh/meetup-seattle-rationality-reading-group
yE2yoH7vYGFr3LqJ2,"Meetup : Washington, D.C.: Mini Talks",meetup-washington-d-c-mini-talks-5,https://www.lesswrong.com/posts/yE2yoH7vYGFr3LqJ2/meetup-washington-d-c-mini-talks-5,2016-02-24T02:59:22.034Z,2,1,0,False,False,,RobinZ,robinz,RobinZ,,Error: 403 Client Error: Forbidden for url: https://www.lesswrong.com/posts/yE2yoH7vYGFr3LqJ2/meetup-washington-d-c-mini-talks-5
DtmFmKm86wPrxqCSg,"If there was one element of statistical literacy that you could magically implant in every head, what would it be?",if-there-was-one-element-of-statistical-literacy-that-you,https://www.lesswrong.com/posts/DtmFmKm86wPrxqCSg/if-there-was-one-element-of-statistical-literacy-that-you,2016-02-22T19:53:47.523Z,6,6,67,False,False,,enfascination,enfascination,enfascination,,Error: 403 Client Error: Forbidden for url: https://www.lesswrong.com/posts/DtmFmKm86wPrxqCSg/if-there-was-one-element-of-statistical-literacy-that-you
9Ep7bNRQZhh5QNKft,The map of global catastrophic risks connected with biological weapons and genetic engineering,the-map-of-global-catastrophic-risks-connected-with,https://www.lesswrong.com/posts/9Ep7bNRQZhh5QNKft/the-map-of-global-catastrophic-risks-connected-with,2016-02-22T11:18:44.479Z,18,13,21,False,False,,turchin,turchin,turchin,,Error: 403 Client Error: Forbidden for url: https://www.lesswrong.com/posts/9Ep7bNRQZhh5QNKft/the-map-of-global-catastrophic-risks-connected-with
CkiNuQEi27jkgGBqo,Meetup : San Francisco Meetup: Rationality Diary,meetup-san-francisco-meetup-rationality-diary-0,https://www.lesswrong.com/posts/CkiNuQEi27jkgGBqo/meetup-san-francisco-meetup-rationality-diary-0,2016-02-22T01:37:19.828Z,1,1,0,False,False,,rocurley,rocurley,rocurley,,Error: 403 Client Error: Forbidden for url: https://www.lesswrong.com/posts/CkiNuQEi27jkgGBqo/meetup-san-francisco-meetup-rationality-diary-0
QS3qPZhtJCobG2HX5,"Open Thread Feb 22 - Feb 28, 2016",open-thread-feb-22-feb-28-2016,https://www.lesswrong.com/posts/QS3qPZhtJCobG2HX5/open-thread-feb-22-feb-28-2016,2016-02-21T21:14:17.216Z,10,6,229,False,False,,Elo,elo,Elo,,Error: 403 Client Error: Forbidden for url: https://www.lesswrong.com/posts/QS3qPZhtJCobG2HX5/open-thread-feb-22-feb-28-2016
9PewA7tTCWNwbfagw,Meetup : Saint Petersburg Game meetup,meetup-saint-petersburg-game-meetup,https://www.lesswrong.com/posts/9PewA7tTCWNwbfagw/meetup-saint-petersburg-game-meetup,2016-02-21T20:42:39.323Z,1,1,0,False,False,,AvImd,avimd,AvImd,,Error: 403 Client Error: Forbidden for url: https://www.lesswrong.com/posts/9PewA7tTCWNwbfagw/meetup-saint-petersburg-game-meetup
F7RWmGWurJ9eHyue7,[Link] Using Stories to Teach Human Values to Artificial Agents,link-using-stories-to-teach-human-values-to-artificial,https://www.lesswrong.com/posts/F7RWmGWurJ9eHyue7/link-using-stories-to-teach-human-values-to-artificial,2016-02-21T20:07:47.994Z,4,2,4,False,False,,Gunnar_Zarncke,gunnar_zarncke,Gunnar_Zarncke,,Error: 403 Client Error: Forbidden for url: https://www.lesswrong.com/posts/F7RWmGWurJ9eHyue7/link-using-stories-to-teach-human-values-to-artificial
hgpGbepiNzHMBDHcF,The Talos Principle,the-talos-principle,https://www.lesswrong.com/posts/hgpGbepiNzHMBDHcF/the-talos-principle,2016-02-21T19:37:35.513Z,3,11,8,False,False,,kranalee,kranalee,kranalee,,Error: 403 Client Error: Forbidden for url: https://www.lesswrong.com/posts/hgpGbepiNzHMBDHcF/the-talos-principle
9GumD8cbnXdLsxFMM,How we will be measured,how-we-will-be-measured,https://www.lesswrong.com/posts/9GumD8cbnXdLsxFMM/how-we-will-be-measured,2016-02-21T03:00:00.000Z,21,10,0,False,False,https://mindingourway.com/how-we-will-be-measured/,So8res,so8res,So8res,,Error: 403 Client Error: Forbidden for url: https://www.lesswrong.com/posts/9GumD8cbnXdLsxFMM/how-we-will-be-measured
6KsMnZnkkqKBCaSQg,"The Pink Sparkly Ball Thing (Use unique, non-obvious terms for nuanced concepts)",the-pink-sparkly-ball-thing-use-unique-non-obvious-terms-for,https://www.lesswrong.com/posts/6KsMnZnkkqKBCaSQg/the-pink-sparkly-ball-thing-use-unique-non-obvious-terms-for,2016-02-20T23:25:16.034Z,36,23,14,False,False,,malcolmocean,malcolmocean,MalcolmOcean,,Error: 403 Client Error: Forbidden for url: https://www.lesswrong.com/posts/6KsMnZnkkqKBCaSQg/the-pink-sparkly-ball-thing-use-unique-non-obvious-terms-for
S62QaEjmsSQvJ2sdS,"Thyroid Hormones, Chronic Fatigue and Fibromyalgia: A Hypothesis and a Proposed Experiment",thyroid-hormones-chronic-fatigue-and-fibromyalgia-a,https://www.lesswrong.com/posts/S62QaEjmsSQvJ2sdS/thyroid-hormones-chronic-fatigue-and-fibromyalgia-a,2016-02-20T23:20:18.665Z,10,8,36,False,False,,johnlawrenceaspden,johnlawrenceaspden,johnlawrenceaspden,,Error: 403 Client Error: Forbidden for url: https://www.lesswrong.com/posts/S62QaEjmsSQvJ2sdS/thyroid-hormones-chronic-fatigue-and-fibromyalgia-a
WR7y3Nsquj9ExjPeB,"Meetup : London rationalish meetup, 2016-02-21",meetup-london-rationalish-meetup-2016-02-21,https://www.lesswrong.com/posts/WR7y3Nsquj9ExjPeB/meetup-london-rationalish-meetup-2016-02-21,2016-02-20T14:09:42.635Z,2,1,1,False,False,,philh,philh,philh,,Error: 403 Client Error: Forbidden for url: https://www.lesswrong.com/posts/WR7y3Nsquj9ExjPeB/meetup-london-rationalish-meetup-2016-02-21
iKFFNkiez8Xs8hoAQ,Weekly LW Meetups,weekly-lw-meetups-86,https://www.lesswrong.com/posts/iKFFNkiez8Xs8hoAQ/weekly-lw-meetups-86,2016-02-19T16:50:30.754Z,2,2,0,False,False,,,,,,Error: 403 Client Error: Forbidden for url: https://www.lesswrong.com/posts/iKFFNkiez8Xs8hoAQ/weekly-lw-meetups-86
T35wcsdu8zf6eCJpS,Weekly LW Meetups,weekly-lw-meetups-115,https://www.lesswrong.com/posts/T35wcsdu8zf6eCJpS/weekly-lw-meetups-115,2016-02-19T14:46:11.235Z,1,1,0,False,False,,,,,,Error: 403 Client Error: Forbidden for url: https://www.lesswrong.com/posts/T35wcsdu8zf6eCJpS/weekly-lw-meetups-115
v79yWYYfEw8unaQsd,[spoilers] EY's “A Girl Corrupted...?!” new story is an allegorical study of quantum immortality?,spoilers-ey-s-a-girl-corrupted-new-story-is-an-allegorical,https://www.lesswrong.com/posts/v79yWYYfEw8unaQsd/spoilers-ey-s-a-girl-corrupted-new-story-is-an-allegorical,2016-02-19T11:02:33.568Z,6,10,23,False,False,,Algernoq,algernoq,Algernoq,,Error: 403 Client Error: Forbidden for url: https://www.lesswrong.com/posts/v79yWYYfEw8unaQsd/spoilers-ey-s-a-girl-corrupted-new-story-is-an-allegorical
JGTkiAqJAiwpecQS9,Meetup : Less Wrong NH Meetup,meetup-less-wrong-nh-meetup-6,https://www.lesswrong.com/posts/JGTkiAqJAiwpecQS9/meetup-less-wrong-nh-meetup-6,2016-02-19T05:12:50.610Z,1,1,0,False,False,,Tuk,tuk,Tuk,,Error: 403 Client Error: Forbidden for url: https://www.lesswrong.com/posts/JGTkiAqJAiwpecQS9/meetup-less-wrong-nh-meetup-6
pRRsfJRcNX8evgPjR,Posting to Main currently disabled,posting-to-main-currently-disabled,https://www.lesswrong.com/posts/pRRsfJRcNX8evgPjR/posting-to-main-currently-disabled,2016-02-19T03:55:08.370Z,37,25,7,False,False,,Vaniver,vaniver,Vaniver,,Error: 403 Client Error: Forbidden for url: https://www.lesswrong.com/posts/pRRsfJRcNX8evgPjR/posting-to-main-currently-disabled
wDrZjJ9tpg6BrN4Jq,LINK: Videogame with a very detailed simulated universe,link-videogame-with-a-very-detailed-simulated-universe,https://www.lesswrong.com/posts/wDrZjJ9tpg6BrN4Jq/link-videogame-with-a-very-detailed-simulated-universe,2016-02-19T03:04:56.381Z,6,3,22,False,False,,polymathwannabe,polymathwannabe,polymathwannabe,,Error: 403 Client Error: Forbidden for url: https://www.lesswrong.com/posts/wDrZjJ9tpg6BrN4Jq/link-videogame-with-a-very-detailed-simulated-universe
5bd75cc58225bf06703750d7,Notes from a conversation on act-based and goal-directed systems,notes-from-a-conversation-on-act-based-and-goal-directed-systems,https://www.lesswrong.com/posts/5bd75cc58225bf06703750d7/notes-from-a-conversation-on-act-based-and-goal-directed-systems,2016-02-19T00:42:29.000Z,6,4,50,False,False,,jessica.liu.taylor,jessica-liu-taylor,jessicata,,Error: 403 Client Error: Forbidden for url: https://www.lesswrong.com/posts/5bd75cc58225bf06703750d7/notes-from-a-conversation-on-act-based-and-goal-directed-systems
HjdWkx6oJadQNageG,Meetup : San Antonio Meetup,meetup-san-antonio-meetup-9,https://www.lesswrong.com/posts/HjdWkx6oJadQNageG/meetup-san-antonio-meetup-9,2016-02-18T21:52:59.541Z,1,1,0,False,False,,Bryan-san,bryan-san,Bryan-san,,Error: 403 Client Error: Forbidden for url: https://www.lesswrong.com/posts/HjdWkx6oJadQNageG/meetup-san-antonio-meetup-9
9pugkoBi67jucgNab,"Goal completion: noise, errors, bias, prejudice, preference and complexity",goal-completion-noise-errors-bias-prejudice-preference-and,https://www.lesswrong.com/posts/9pugkoBi67jucgNab/goal-completion-noise-errors-bias-prejudice-preference-and,2016-02-18T14:37:16.564Z,10,7,10,False,False,,Stuart_Armstrong,stuart_armstrong,Stuart_Armstrong,,Error: 403 Client Error: Forbidden for url: https://www.lesswrong.com/posts/9pugkoBi67jucgNab/goal-completion-noise-errors-bias-prejudice-preference-and
WNju6KcCqxrszgeS9,"Meetup : Moscow meetup: Hamming circle, Fallacymania, Tower of Chaos",meetup-moscow-meetup-hamming-circle-fallacymania-tower-of,https://www.lesswrong.com/posts/WNju6KcCqxrszgeS9/meetup-moscow-meetup-hamming-circle-fallacymania-tower-of,2016-02-18T12:06:24.651Z,1,1,0,False,False,,berekuk,slava-matyukhin,Slava Matyukhin,,Error: 403 Client Error: Forbidden for url: https://www.lesswrong.com/posts/WNju6KcCqxrszgeS9/meetup-moscow-meetup-hamming-circle-fallacymania-tower-of
K7RmJ3vqCNemvxYmF,Meetup : Baltimore Area Meetup: Futurology / Open Discussion,meetup-baltimore-area-meetup-futurology-open-discussion,https://www.lesswrong.com/posts/K7RmJ3vqCNemvxYmF/meetup-baltimore-area-meetup-futurology-open-discussion,2016-02-17T20:24:48.533Z,1,1,0,False,False,,iarwain1,iarwain1,iarwain1,,Error: 403 Client Error: Forbidden for url: https://www.lesswrong.com/posts/K7RmJ3vqCNemvxYmF/meetup-baltimore-area-meetup-futurology-open-discussion
q3LjZtytvLkTjJw85,The ethics of eating meat,the-ethics-of-eating-meat,https://www.lesswrong.com/posts/q3LjZtytvLkTjJw85/the-ethics-of-eating-meat,2016-02-17T19:03:38.689Z,15,21,59,False,False,,,,,,Error: 403 Client Error: Forbidden for url: https://www.lesswrong.com/posts/q3LjZtytvLkTjJw85/the-ethics-of-eating-meat
5bd75cc58225bf06703750d6,A scheme for safely handling a mixture of good and bad predictors,a-scheme-for-safely-handling-a-mixture-of-good-and-bad-predictors,https://www.lesswrong.com/posts/5bd75cc58225bf06703750d6/a-scheme-for-safely-handling-a-mixture-of-good-and-bad-predictors,2016-02-17T05:35:55.000Z,0,0,3,False,False,,jessica.liu.taylor,jessica-liu-taylor,jessicata,,Error: 403 Client Error: Forbidden for url: https://www.lesswrong.com/posts/5bd75cc58225bf06703750d6/a-scheme-for-safely-handling-a-mixture-of-good-and-bad-predictors
YWdbwHjKbt6w2ooXY,Critique on my attempt to teach rationality,critique-on-my-attempt-to-teach-rationality,https://www.lesswrong.com/posts/YWdbwHjKbt6w2ooXY/critique-on-my-attempt-to-teach-rationality,2016-02-17T04:17:35.448Z,4,6,12,False,False,,Bound_up,bound_up,Bound_up,,Error: 403 Client Error: Forbidden for url: https://www.lesswrong.com/posts/YWdbwHjKbt6w2ooXY/critique-on-my-attempt-to-teach-rationality
unCLAbgYFo59GTitG,The Value of Those in Effective Altruism,the-value-of-those-in-effective-altruism,https://www.lesswrong.com/posts/unCLAbgYFo59GTitG/the-value-of-those-in-effective-altruism,2016-02-17T00:59:34.180Z,18,20,14,False,False,,Gleb_Tsipursky,gleb_tsipursky,Gleb_Tsipursky,,Error: 403 Client Error: Forbidden for url: https://www.lesswrong.com/posts/unCLAbgYFo59GTitG/the-value-of-those-in-effective-altruism
5bd75cc58225bf06703750d5,A possible training procedure for human-imitators,a-possible-training-procedure-for-human-imitators,https://www.lesswrong.com/posts/5bd75cc58225bf06703750d5/a-possible-training-procedure-for-human-imitators,2016-02-16T22:43:52.000Z,4,2,4,False,False,,jessica.liu.taylor,jessica-liu-taylor,jessicata,,Error: 403 Client Error: Forbidden for url: https://www.lesswrong.com/posts/5bd75cc58225bf06703750d5/a-possible-training-procedure-for-human-imitators
AMZzKCjRw4jwpCjRP,"Meetup : Games in Kocherga club: FallacyMania, Tower of Chaos, Training game",meetup-games-in-kocherga-club-fallacymania-tower-of-chaos,https://www.lesswrong.com/posts/AMZzKCjRw4jwpCjRP/meetup-games-in-kocherga-club-fallacymania-tower-of-chaos,2016-02-16T20:41:12.529Z,2,2,0,False,False,,Alexander230,alexander230,Alexander230,,Error: 403 Client Error: Forbidden for url: https://www.lesswrong.com/posts/AMZzKCjRw4jwpCjRP/meetup-games-in-kocherga-club-fallacymania-tower-of-chaos
gFNjffwXGsgzimP2x,Meetup : Moscow 2nd LW group meetup,meetup-moscow-2nd-lw-group-meetup,https://www.lesswrong.com/posts/gFNjffwXGsgzimP2x/meetup-moscow-2nd-lw-group-meetup,2016-02-16T20:34:54.085Z,2,2,0,False,False,,Alexander230,alexander230,Alexander230,,Error: 403 Client Error: Forbidden for url: https://www.lesswrong.com/posts/gFNjffwXGsgzimP2x/meetup-moscow-2nd-lw-group-meetup
pgmbPGbATsbPBaMWB,"Should we admit it when a person/group is ""better"" than another person/group?",should-we-admit-it-when-a-person-group-is-better-than,https://www.lesswrong.com/posts/pgmbPGbATsbPBaMWB/should-we-admit-it-when-a-person-group-is-better-than,2016-02-16T09:43:48.330Z,-3,14,64,False,False,,adamzerner,adamzerner,Adam Zerner,,Error: 403 Client Error: Forbidden for url: https://www.lesswrong.com/posts/pgmbPGbATsbPBaMWB/should-we-admit-it-when-a-person-group-is-better-than
6z2BJBhmLMqBzZahg,Meetup : MelbLW Social Meetup: Feb 2016,meetup-melblw-social-meetup-feb-2016,https://www.lesswrong.com/posts/6z2BJBhmLMqBzZahg/meetup-melblw-social-meetup-feb-2016,2016-02-16T08:27:36.873Z,2,2,0,False,False,,Maelin,maelin,Maelin,,Error: 403 Client Error: Forbidden for url: https://www.lesswrong.com/posts/6z2BJBhmLMqBzZahg/meetup-melblw-social-meetup-feb-2016
WhR5uTMb3vaTyXWMq,"Meetup : Washington, D.C.: Fun & Games",meetup-washington-d-c-fun-and-games-9,https://www.lesswrong.com/posts/WhR5uTMb3vaTyXWMq/meetup-washington-d-c-fun-and-games-9,2016-02-16T02:48:51.413Z,3,2,0,False,False,,RobinZ,robinz,RobinZ,,Error: 403 Client Error: Forbidden for url: https://www.lesswrong.com/posts/WhR5uTMb3vaTyXWMq/meetup-washington-d-c-fun-and-games-9
XpuLPbHqmpgCEpMHz,Meetup : LW Cologne meetup,meetup-lw-cologne-meetup-2,https://www.lesswrong.com/posts/XpuLPbHqmpgCEpMHz/meetup-lw-cologne-meetup-2,2016-02-15T23:49:46.979Z,2,2,0,False,False,,EGI,egi,EGI,,Error: 403 Client Error: Forbidden for url: https://www.lesswrong.com/posts/XpuLPbHqmpgCEpMHz/meetup-lw-cologne-meetup-2
pjGGqmtqf8vChJ9BR,Unofficial Canon on Applied Rationality,unofficial-canon-on-applied-rationality,https://www.lesswrong.com/posts/pjGGqmtqf8vChJ9BR/unofficial-canon-on-applied-rationality,2016-02-15T13:03:09.532Z,65,44,32,False,False,,ScottL,scottl,ScottL,,Error: 403 Client Error: Forbidden for url: https://www.lesswrong.com/posts/pjGGqmtqf8vChJ9BR/unofficial-canon-on-applied-rationality
BmTGDqCbzYDzR8p6D,Less Wrong Karma Chart Website,less-wrong-karma-chart-website,https://www.lesswrong.com/posts/BmTGDqCbzYDzR8p6D/less-wrong-karma-chart-website,2016-02-15T12:36:12.932Z,36,24,26,False,False,,ScottL,scottl,ScottL,,Error: 403 Client Error: Forbidden for url: https://www.lesswrong.com/posts/BmTGDqCbzYDzR8p6D/less-wrong-karma-chart-website
YtDzMia7b2DK62mPd,"Open Thread Feb 16 - Feb 23, 2016",open-thread-feb-16-feb-23-2016,https://www.lesswrong.com/posts/YtDzMia7b2DK62mPd/open-thread-feb-16-feb-23-2016,2016-02-15T02:12:37.805Z,10,10,105,False,False,,Elo,elo,Elo,,Error: 403 Client Error: Forbidden for url: https://www.lesswrong.com/posts/YtDzMia7b2DK62mPd/open-thread-feb-16-feb-23-2016
M9xGvd4trbwn77vTP,Meetup : Rationality Meetup Vienna,meetup-rationality-meetup-vienna-5,https://www.lesswrong.com/posts/M9xGvd4trbwn77vTP/meetup-rationality-meetup-vienna-5,2016-02-14T13:47:46.220Z,2,2,0,False,False,,AnnaLeptikon,annaleptikon,AnnaLeptikon,,Error: 403 Client Error: Forbidden for url: https://www.lesswrong.com/posts/M9xGvd4trbwn77vTP/meetup-rationality-meetup-vienna-5
pos3qvzBXGRxznDDB,"A Medical Mystery: Thyroid Hormones, Chronic Fatigue and Fibromyalgia",a-medical-mystery-thyroid-hormones-chronic-fatigue-and,https://www.lesswrong.com/posts/pos3qvzBXGRxznDDB/a-medical-mystery-thyroid-hormones-chronic-fatigue-and,2016-02-14T13:14:01.258Z,43,39,166,False,False,,johnlawrenceaspden,johnlawrenceaspden,johnlawrenceaspden,,Error: 403 Client Error: Forbidden for url: https://www.lesswrong.com/posts/pos3qvzBXGRxznDDB/a-medical-mystery-thyroid-hormones-chronic-fatigue-and
jcgaA6kEvu6H8JxNZ,Does Kolmogorov complexity imply a bound on self-improving AI?,does-kolmogorov-complexity-imply-a-bound-on-self-improving,https://www.lesswrong.com/posts/jcgaA6kEvu6H8JxNZ/does-kolmogorov-complexity-imply-a-bound-on-self-improving,2016-02-14T08:38:26.832Z,7,10,14,False,False,,contravariant,contravariant,contravariant,,Error: 403 Client Error: Forbidden for url: https://www.lesswrong.com/posts/jcgaA6kEvu6H8JxNZ/does-kolmogorov-complexity-imply-a-bound-on-self-improving
3w5fmhLkgPxunMejh,"Group Rationality Diary, February 2016",group-rationality-diary-february-2016,https://www.lesswrong.com/posts/3w5fmhLkgPxunMejh/group-rationality-diary-february-2016,2016-02-14T01:55:15.553Z,7,5,7,False,False,,AspiringRationalist,nosignalnonoise,NoSignalNoNoise,,Error: 403 Client Error: Forbidden for url: https://www.lesswrong.com/posts/3w5fmhLkgPxunMejh/group-rationality-diary-february-2016
4s2oGSJtygPcbGFK9,Cheerful one-liners and disjointed anecdotes,cheerful-one-liners-and-disjointed-anecdotes,https://www.lesswrong.com/posts/4s2oGSJtygPcbGFK9/cheerful-one-liners-and-disjointed-anecdotes,2016-02-13T19:40:22.911Z,10,6,14,False,False,,,,,,Error: 403 Client Error: Forbidden for url: https://www.lesswrong.com/posts/4s2oGSJtygPcbGFK9/cheerful-one-liners-and-disjointed-anecdotes
po2xSrF25uvKBkDay,Defiance,defiance,https://www.lesswrong.com/posts/po2xSrF25uvKBkDay/defiance,2016-02-13T08:00:00.000Z,19,10,0,False,False,https://mindingourway.com/defiance/,So8res,so8res,So8res,,Error: 403 Client Error: Forbidden for url: https://www.lesswrong.com/posts/po2xSrF25uvKBkDay/defiance
sWrAeT5QQ5CapLQ6W,On 'Why Global Poverty?' and Arguments from Unobservable Impacts,on-why-global-poverty-and-arguments-from-unobservable,https://www.lesswrong.com/posts/sWrAeT5QQ5CapLQ6W/on-why-global-poverty-and-arguments-from-unobservable,2016-02-13T06:04:02.979Z,15,11,2,False,False,,Gram_Stone,gram_stone,Gram_Stone,,Error: 403 Client Error: Forbidden for url: https://www.lesswrong.com/posts/sWrAeT5QQ5CapLQ6W/on-why-global-poverty-and-arguments-from-unobservable
9TNQLu6xK8G4qHD2k,Weekly LW Meetups,weekly-lw-meetups-52,https://www.lesswrong.com/posts/9TNQLu6xK8G4qHD2k/weekly-lw-meetups-52,2016-02-12T16:41:33.952Z,2,2,0,False,False,,,,,,Error: 403 Client Error: Forbidden for url: https://www.lesswrong.com/posts/9TNQLu6xK8G4qHD2k/weekly-lw-meetups-52
5qxghDmf4DopLFGa8,Where does our community disagree about meaningful issues?,where-does-our-community-disagree-about-meaningful-issues,https://www.lesswrong.com/posts/5qxghDmf4DopLFGa8/where-does-our-community-disagree-about-meaningful-issues,2016-02-12T11:34:37.075Z,28,18,56,False,False,,ChristianKl,christiankl,ChristianKl,,Error: 403 Client Error: Forbidden for url: https://www.lesswrong.com/posts/5qxghDmf4DopLFGa8/where-does-our-community-disagree-about-meaningful-issues
jGywMCBHN4FFrTMny,"Meetup : Washington, D.C.: National Portrait Gallery/American Art Museum",meetup-washington-d-c-national-portrait-gallery-american-art,https://www.lesswrong.com/posts/jGywMCBHN4FFrTMny/meetup-washington-d-c-national-portrait-gallery-american-art,2016-02-11T19:17:15.517Z,3,2,0,False,False,,RobinZ,robinz,RobinZ,,Error: 403 Client Error: Forbidden for url: https://www.lesswrong.com/posts/jGywMCBHN4FFrTMny/meetup-washington-d-c-national-portrait-gallery-american-art
5bd75cc58225bf06703750d0,Things that can go wrong with decomposed modules,things-that-can-go-wrong-with-decomposed-modules,https://www.lesswrong.com/posts/5bd75cc58225bf06703750d0/things-that-can-go-wrong-with-decomposed-modules,2016-02-11T12:29:04.000Z,2,1,1,False,False,,Stuart_Armstrong,stuart_armstrong,Stuart_Armstrong,,Error: 403 Client Error: Forbidden for url: https://www.lesswrong.com/posts/5bd75cc58225bf06703750d0/things-that-can-go-wrong-with-decomposed-modules
6fxdeidT8PLkB7qcu,Meetup : Sydney Rationality Dojo - March,meetup-sydney-rationality-dojo-march,https://www.lesswrong.com/posts/6fxdeidT8PLkB7qcu/meetup-sydney-rationality-dojo-march,2016-02-11T09:24:34.214Z,2,2,0,False,False,,luminosity,luminosity,luminosity,,Error: 403 Client Error: Forbidden for url: https://www.lesswrong.com/posts/6fxdeidT8PLkB7qcu/meetup-sydney-rationality-dojo-march
ScgZ4n2QKwKp2DEdn,Meetup : San Francisco Meetup: Projects,meetup-san-francisco-meetup-projects-0,https://www.lesswrong.com/posts/ScgZ4n2QKwKp2DEdn/meetup-san-francisco-meetup-projects-0,2016-02-11T06:13:40.270Z,2,2,0,False,False,,rocurley,rocurley,rocurley,,Error: 403 Client Error: Forbidden for url: https://www.lesswrong.com/posts/ScgZ4n2QKwKp2DEdn/meetup-san-francisco-meetup-projects-0
xm6yZgHcxYTG3DbQQ,Meetup : LessWrong Sao Paulo monthly meetup,meetup-lesswrong-sao-paulo-monthly-meetup,https://www.lesswrong.com/posts/xm6yZgHcxYTG3DbQQ/meetup-lesswrong-sao-paulo-monthly-meetup,2016-02-11T01:39:45.748Z,3,3,0,False,False,,leohmarruda,leohmarruda,leohmarruda,,Error: 403 Client Error: Forbidden for url: https://www.lesswrong.com/posts/xm6yZgHcxYTG3DbQQ/meetup-lesswrong-sao-paulo-monthly-meetup
fkQ2Ka9CyRZ3zSHvc,"Meetup : Ann Arbor Meetup, 2/19/16",meetup-ann-arbor-meetup-2-19-16,https://www.lesswrong.com/posts/fkQ2Ka9CyRZ3zSHvc/meetup-ann-arbor-meetup-2-19-16,2016-02-11T00:28:05.769Z,2,2,24,False,False,,Bound_up,bound_up,Bound_up,,Error: 403 Client Error: Forbidden for url: https://www.lesswrong.com/posts/fkQ2Ka9CyRZ3zSHvc/meetup-ann-arbor-meetup-2-19-16
TbPxduWbcy3jkbAzb,Rationality Reading Group: Part T: Science and Rationality,rationality-reading-group-part-t-science-and-rationality,https://www.lesswrong.com/posts/TbPxduWbcy3jkbAzb/rationality-reading-group-part-t-science-and-rationality,2016-02-10T23:40:55.390Z,8,6,0,False,False,,Gram_Stone,gram_stone,Gram_Stone,,Error: 403 Client Error: Forbidden for url: https://www.lesswrong.com/posts/TbPxduWbcy3jkbAzb/rationality-reading-group-part-t-science-and-rationality
5bd75cc58225bf0670375019,Proof Length and Logical Counterfactuals Revisited,proof-length-and-logical-counterfactuals-revisited,https://www.lesswrong.com/posts/5bd75cc58225bf0670375019/proof-length-and-logical-counterfactuals-revisited,2016-02-10T18:56:38.000Z,3,3,5,False,False,,orthonormal,orthonormal,orthonormal,,Error: 403 Client Error: Forbidden for url: https://www.lesswrong.com/posts/5bd75cc58225bf0670375019/proof-length-and-logical-counterfactuals-revisited
EMQvY64ZYiLmj2Swp,this is a test,this-is-a-test-0,https://www.lesswrong.com/posts/EMQvY64ZYiLmj2Swp/this-is-a-test-0,2016-02-10T01:16:50.776Z,1,1,0,False,False,,_rpd,_rpd,_rpd,,Error: 403 Client Error: Forbidden for url: https://www.lesswrong.com/posts/EMQvY64ZYiLmj2Swp/this-is-a-test-0
4FNndynQhfKCWEyZe,The Brain Preservation Foundation's Small Mammalian Brain Prize won,the-brain-preservation-foundation-s-small-mammalian-brain,https://www.lesswrong.com/posts/4FNndynQhfKCWEyZe/the-brain-preservation-foundation-s-small-mammalian-brain,2016-02-09T21:02:02.585Z,71,44,42,False,False,,gwern,gwern,gwern,,Error: 403 Client Error: Forbidden for url: https://www.lesswrong.com/posts/4FNndynQhfKCWEyZe/the-brain-preservation-foundation-s-small-mammalian-brain
b2mHDKBySXrnb6DTv,Religious and Rational?,religious-and-rational,https://www.lesswrong.com/posts/b2mHDKBySXrnb6DTv/religious-and-rational,2016-02-09T20:12:28.609Z,1,19,86,False,False,,Gleb_Tsipursky,gleb_tsipursky,Gleb_Tsipursky,,Error: 403 Client Error: Forbidden for url: https://www.lesswrong.com/posts/b2mHDKBySXrnb6DTv/religious-and-rational
qo43WMkv6FnJmjySx,Meetup : Quantum Homeschooling,meetup-quantum-homeschooling,https://www.lesswrong.com/posts/qo43WMkv6FnJmjySx/meetup-quantum-homeschooling,2016-02-09T09:30:00.824Z,3,2,0,False,False,,JoshuaFox,joshuafox,JoshuaFox,,Error: 403 Client Error: Forbidden for url: https://www.lesswrong.com/posts/qo43WMkv6FnJmjySx/meetup-quantum-homeschooling
fLmTzzmtNp5ZPMCXn,Is Spirituality Irrational?,is-spirituality-irrational,https://www.lesswrong.com/posts/fLmTzzmtNp5ZPMCXn/is-spirituality-irrational,2016-02-09T01:42:33.894Z,1,36,430,False,False,,lisper,lisper,lisper,,Error: 403 Client Error: Forbidden for url: https://www.lesswrong.com/posts/fLmTzzmtNp5ZPMCXn/is-spirituality-irrational
5bd75cc58225bf06703750ce,Naturalistic Logical Updates,naturalistic-logical-updates,https://www.lesswrong.com/posts/5bd75cc58225bf06703750ce/naturalistic-logical-updates,2016-02-09T01:28:34.000Z,3,2,3,False,False,,abramdemski,abramdemski,abramdemski,,Error: 403 Client Error: Forbidden for url: https://www.lesswrong.com/posts/5bd75cc58225bf06703750ce/naturalistic-logical-updates
Ry5NJwQjfifFrCmE3,The Fable of the Burning Branch,the-fable-of-the-burning-branch,https://www.lesswrong.com/posts/Ry5NJwQjfifFrCmE3/the-fable-of-the-burning-branch,2016-02-08T15:20:03.842Z,-41,50,178,False,False,,EphemeralNight,ephemeralnight,EphemeralNight,,Error: 403 Client Error: Forbidden for url: https://www.lesswrong.com/posts/Ry5NJwQjfifFrCmE3/the-fable-of-the-burning-branch
zHnGE63TQMwBNKrc2,Require contributions in advance,require-contributions-in-advance,https://www.lesswrong.com/posts/zHnGE63TQMwBNKrc2/require-contributions-in-advance,2016-02-08T12:55:58.720Z,97,74,27,False,False,,Viliam,viliam,Viliam,,Error: 403 Client Error: Forbidden for url: https://www.lesswrong.com/posts/zHnGE63TQMwBNKrc2/require-contributions-in-advance
GLL9qaiamGzniE5E8,Altruistic parenting,altruistic-parenting,https://www.lesswrong.com/posts/GLL9qaiamGzniE5E8/altruistic-parenting,2016-02-08T11:57:16.935Z,3,10,22,False,False,,,,,,Error: 403 Client Error: Forbidden for url: https://www.lesswrong.com/posts/GLL9qaiamGzniE5E8/altruistic-parenting
naQktZ5JScHTHChm2,Lesswrong Survey - invitation for suggestions,lesswrong-survey-invitation-for-suggestions,https://www.lesswrong.com/posts/naQktZ5JScHTHChm2/lesswrong-survey-invitation-for-suggestions,2016-02-08T08:07:23.753Z,17,14,29,False,False,,Elo,elo,Elo,,Error: 403 Client Error: Forbidden for url: https://www.lesswrong.com/posts/naQktZ5JScHTHChm2/lesswrong-survey-invitation-for-suggestions
9qXevmQAAg8prhxn2,"Open Thread, Feb 8 - Feb 15, 2016",open-thread-feb-8-feb-15-2016,https://www.lesswrong.com/posts/9qXevmQAAg8prhxn2/open-thread-feb-8-feb-15-2016,2016-02-08T04:47:02.516Z,9,5,224,False,False,,Elo,elo,Elo,,Error: 403 Client Error: Forbidden for url: https://www.lesswrong.com/posts/9qXevmQAAg8prhxn2/open-thread-feb-8-feb-15-2016
5bd75cc58225bf06703750a3,Thoughts on Logical Dutch Book Arguments,thoughts-on-logical-dutch-book-arguments,https://www.lesswrong.com/posts/5bd75cc58225bf06703750a3/thoughts-on-logical-dutch-book-arguments,2016-02-07T23:10:22.000Z,4,3,0,False,False,,abramdemski,abramdemski,abramdemski,,Error: 403 Client Error: Forbidden for url: https://www.lesswrong.com/posts/5bd75cc58225bf06703750a3/thoughts-on-logical-dutch-book-arguments
o3cCbYP6ejG9554ck,Conveying rational thinking about long-term goals to youth and young adults,conveying-rational-thinking-about-long-term-goals-to-youth,https://www.lesswrong.com/posts/o3cCbYP6ejG9554ck/conveying-rational-thinking-about-long-term-goals-to-youth,2016-02-07T01:54:30.519Z,11,18,9,False,False,,Gleb_Tsipursky,gleb_tsipursky,Gleb_Tsipursky,,Error: 403 Client Error: Forbidden for url: https://www.lesswrong.com/posts/o3cCbYP6ejG9554ck/conveying-rational-thinking-about-long-term-goals-to-youth
MrasxtZCBTT7XkkEc,Meetup : Less Wrong NH Meetup,meetup-less-wrong-nh-meetup-0,https://www.lesswrong.com/posts/MrasxtZCBTT7XkkEc/meetup-less-wrong-nh-meetup-0,2016-02-06T23:16:02.065Z,2,2,0,False,False,,Tuk,tuk,Tuk,,Error: 403 Client Error: Forbidden for url: https://www.lesswrong.com/posts/MrasxtZCBTT7XkkEc/meetup-less-wrong-nh-meetup-0
5bd75cc58225bf06703750cc,AI safety in the age of neural networks and Stanislaw Lem 1959 prediction,ai-safety-in-the-age-of-neural-networks-and-stanislaw-lem-1959-prediction,https://www.lesswrong.com/posts/5bd75cc58225bf06703750cc/ai-safety-in-the-age-of-neural-networks-and-stanislaw-lem-1959-prediction,2016-02-06T12:50:07.000Z,0,0,0,False,False,http://lesswrong.com/r/discussion/lw/n8z/ai_safety_in_the_age_of_neural_networks_and/,avturchin,avturchin,avturchin,,Error: 403 Client Error: Forbidden for url: https://www.lesswrong.com/posts/5bd75cc58225bf06703750cc/ai-safety-in-the-age-of-neural-networks-and-stanislaw-lem-1959-prediction
gc5Lf5LvD7CJsoxHB,Request for help with economic analysis related to AI forecasting,request-for-help-with-economic-analysis-related-to-ai,https://www.lesswrong.com/posts/gc5Lf5LvD7CJsoxHB/request-for-help-with-economic-analysis-related-to-ai,2016-02-06T01:27:39.810Z,9,7,13,False,False,,ESRogs,esrogs,ESRogs,,Error: 403 Client Error: Forbidden for url: https://www.lesswrong.com/posts/gc5Lf5LvD7CJsoxHB/request-for-help-with-economic-analysis-related-to-ai
a6bAEsKBmufakKmJT,Weekly LW Meetups,weekly-lw-meetups-79,https://www.lesswrong.com/posts/a6bAEsKBmufakKmJT/weekly-lw-meetups-79,2016-02-05T16:40:09.693Z,2,2,1,False,False,,,,,,Error: 403 Client Error: Forbidden for url: https://www.lesswrong.com/posts/a6bAEsKBmufakKmJT/weekly-lw-meetups-79
hdB27EpTDxexoWJpH,[Link] How I Escaped The Darkness of Mental Illness,link-how-i-escaped-the-darkness-of-mental-illness,https://www.lesswrong.com/posts/hdB27EpTDxexoWJpH/link-how-i-escaped-the-darkness-of-mental-illness,2016-02-04T23:08:47.444Z,5,18,10,False,False,,Gleb_Tsipursky,gleb_tsipursky,Gleb_Tsipursky,,Error: 403 Client Error: Forbidden for url: https://www.lesswrong.com/posts/hdB27EpTDxexoWJpH/link-how-i-escaped-the-darkness-of-mental-illness
anH6uREgusjegAuQ2,"Meetup : London Rationalish meetup, 7/2/16",meetup-london-rationalish-meetup-7-2-16,https://www.lesswrong.com/posts/anH6uREgusjegAuQ2/meetup-london-rationalish-meetup-7-2-16,2016-02-04T16:34:13.317Z,3,2,0,False,False,,philh,philh,philh,,Error: 403 Client Error: Forbidden for url: https://www.lesswrong.com/posts/anH6uREgusjegAuQ2/meetup-london-rationalish-meetup-7-2-16
PSz49uSP93gXn2XP4,Meetup : San Francisco Meetup: Fun and Games,meetup-san-francisco-meetup-fun-and-games-0,https://www.lesswrong.com/posts/PSz49uSP93gXn2XP4/meetup-san-francisco-meetup-fun-and-games-0,2016-02-04T06:15:39.644Z,2,2,0,False,False,,rocurley,rocurley,rocurley,,Error: 403 Client Error: Forbidden for url: https://www.lesswrong.com/posts/PSz49uSP93gXn2XP4/meetup-san-francisco-meetup-fun-and-games-0
5bd75cc58225bf06703750cb,Analysis of Algorithms and Partial Algorithms,analysis-of-algorithms-and-partial-algorithms,https://www.lesswrong.com/posts/5bd75cc58225bf06703750cb/analysis-of-algorithms-and-partial-algorithms,2016-02-04T00:15:55.000Z,3,2,3,False,False,http://arxiv.org/abs/1601.03411,Imported-IAFF-User-131,IAFF-User-131,IAFF-User-131,,Error: 403 Client Error: Forbidden for url: https://www.lesswrong.com/posts/5bd75cc58225bf06703750cb/analysis-of-algorithms-and-partial-algorithms
g2355pBbaYSfPMk2m,Gamify your goals: How turning your life into a game can help help you make better decisions and be more productive,gamify-your-goals-how-turning-your-life-into-a-game-can-help,https://www.lesswrong.com/posts/g2355pBbaYSfPMk2m/gamify-your-goals-how-turning-your-life-into-a-game-can-help,2016-02-03T22:48:57.044Z,19,17,12,False,False,,BayesianMind,bayesianmind,BayesianMind,,Error: 403 Client Error: Forbidden for url: https://www.lesswrong.com/posts/g2355pBbaYSfPMk2m/gamify-your-goals-how-turning-your-life-into-a-game-can-help
jdLPq8JZXNzCCuJq9,A Rationalist Guide to OkCupid,a-rationalist-guide-to-okcupid,https://www.lesswrong.com/posts/jdLPq8JZXNzCCuJq9/a-rationalist-guide-to-okcupid,2016-02-03T20:50:05.175Z,41,26,66,False,False,,Jacobian,jacob-falkovich,Jacob Falkovich,,Error: 403 Client Error: Forbidden for url: https://www.lesswrong.com/posts/jdLPq8JZXNzCCuJq9/a-rationalist-guide-to-okcupid
GgXpryqWGePMMmYxf,Value learners & wireheading,value-learners-and-wireheading,https://www.lesswrong.com/posts/GgXpryqWGePMMmYxf/value-learners-and-wireheading,2016-02-03T09:50:25.165Z,9,6,3,False,False,,Manfred,manfred,Manfred,,Error: 403 Client Error: Forbidden for url: https://www.lesswrong.com/posts/GgXpryqWGePMMmYxf/value-learners-and-wireheading
FYav4vYLyyPCZbzeT,Upcoming LW Changes,upcoming-lw-changes,https://www.lesswrong.com/posts/FYav4vYLyyPCZbzeT/upcoming-lw-changes,2016-02-03T05:34:34.472Z,71,47,106,True,False,,Vaniver,vaniver,Vaniver,,Error: 403 Client Error: Forbidden for url: https://www.lesswrong.com/posts/FYav4vYLyyPCZbzeT/upcoming-lw-changes
QQBEv2XjzCW63B62h,Meetup : Rationality Dojo: Habits,meetup-rationality-dojo-habits,https://www.lesswrong.com/posts/QQBEv2XjzCW63B62h/meetup-rationality-dojo-habits,2016-02-03T02:11:04.710Z,2,2,0,False,False,,Calien,calien,Calien,,Error: 403 Client Error: Forbidden for url: https://www.lesswrong.com/posts/QQBEv2XjzCW63B62h/meetup-rationality-dojo-habits
PJS5smiYT3yy7ocYQ,"Meetup : Washington, D.C.: Fermi Estimates",meetup-washington-d-c-fermi-estimates-0,https://www.lesswrong.com/posts/PJS5smiYT3yy7ocYQ/meetup-washington-d-c-fermi-estimates-0,2016-02-02T21:14:24.154Z,3,2,0,False,False,,RobinZ,robinz,RobinZ,,Error: 403 Client Error: Forbidden for url: https://www.lesswrong.com/posts/PJS5smiYT3yy7ocYQ/meetup-washington-d-c-fermi-estimates-0
o5PojLYFEWtyeo4ct,The AI That Pretends To Be Human,the-ai-that-pretends-to-be-human,https://www.lesswrong.com/posts/o5PojLYFEWtyeo4ct/the-ai-that-pretends-to-be-human,2016-02-02T19:39:33.253Z,5,10,69,False,False,,Houshalter,houshalter,Houshalter,,Error: 403 Client Error: Forbidden for url: https://www.lesswrong.com/posts/o5PojLYFEWtyeo4ct/the-ai-that-pretends-to-be-human
bnCzL5T7HCZ57i7Fw,Rationality Quotes Thread February 2016,rationality-quotes-thread-february-2016,https://www.lesswrong.com/posts/bnCzL5T7HCZ57i7Fw/rationality-quotes-thread-february-2016,2016-02-02T18:17:22.039Z,10,6,97,False,False,,elharo,elharo,elharo,,Error: 403 Client Error: Forbidden for url: https://www.lesswrong.com/posts/bnCzL5T7HCZ57i7Fw/rationality-quotes-thread-february-2016
NiN6fNXjnS9hMSB2C,A Strange Argument about the potential Importance of Multiverse Theory,a-strange-argument-about-the-potential-importance-of,https://www.lesswrong.com/posts/NiN6fNXjnS9hMSB2C/a-strange-argument-about-the-potential-importance-of,2016-02-02T04:22:06.876Z,1,16,36,False,False,,MakoYass,mako-yass,mako yass,,Error: 403 Client Error: Forbidden for url: https://www.lesswrong.com/posts/NiN6fNXjnS9hMSB2C/a-strange-argument-about-the-potential-importance-of
F73oLhauzi6fJaYHo,Recklessness,recklessness,https://www.lesswrong.com/posts/F73oLhauzi6fJaYHo/recklessness,2016-02-02T02:00:00.000Z,12,5,0,False,False,https://mindingourway.com/recklessness/,So8res,so8res,So8res,,Error: 403 Client Error: Forbidden for url: https://www.lesswrong.com/posts/F73oLhauzi6fJaYHo/recklessness
rZPs68SXYm2rBAeNT,February 2016 Media Thread,february-2016-media-thread,https://www.lesswrong.com/posts/rZPs68SXYm2rBAeNT/february-2016-media-thread,2016-02-02T00:20:37.857Z,6,4,46,False,False,,ArisKatsaris,ariskatsaris,ArisKatsaris,,Error: 403 Client Error: Forbidden for url: https://www.lesswrong.com/posts/rZPs68SXYm2rBAeNT/february-2016-media-thread
CQJaESSPLvy8XmzpM,The Valentine’s Day Gift That Saves Lives,the-valentine-s-day-gift-that-saves-lives,https://www.lesswrong.com/posts/CQJaESSPLvy8XmzpM/the-valentine-s-day-gift-that-saves-lives,2016-02-01T17:00:50.753Z,-10,27,77,False,False,,Gleb_Tsipursky,gleb_tsipursky,Gleb_Tsipursky,,Error: 403 Client Error: Forbidden for url: https://www.lesswrong.com/posts/CQJaESSPLvy8XmzpM/the-valentine-s-day-gift-that-saves-lives
CYPq3YpBWbdcJatJh,"Open thread, Feb. 01 - Feb. 07, 2016",open-thread-feb-01-feb-07-2016,https://www.lesswrong.com/posts/CYPq3YpBWbdcJatJh/open-thread-feb-01-feb-07-2016,2016-02-01T08:24:43.445Z,6,4,178,False,False,,MrMind,mrmind,MrMind,,Error: 403 Client Error: Forbidden for url: https://www.lesswrong.com/posts/CYPq3YpBWbdcJatJh/open-thread-feb-01-feb-07-2016
